x1,x2,x3,x4,x5,y
-0.2107826872063368,0.18463596633065713,0.7190493455214144,-1.1910816974180616,0.3253940563311448,1.3000215197764167
-0.2473534788984617,1.9077374976346047,-4.968693458999257,-2.4426526577808705,-3.5589223701398396,1.8259168470355194
0.7363762751278835,-0.10823716952281047,0.44419454734248964,-0.018262982623673728,0.28576032741385704,-0.6420858128678002
-0.154603853551618,0.21181245355773687,-0.15797851867247964,0.5478849363487178,-0.687514767342538,0.7680525040155759
-0.3004280763440839,-0.5589410202522195,-0.45212261907031404,0.010612188913743086,-0.7038780724479973,-0.046628394156075795
-0.20650499115736348,0.24909429224364144,1.0050996237859928,0.6314307722588272,-0.21960742843381703,1.6044914252654894
-0.5692867838416598,-0.04153300129056804,0.9353441842662564,0.428480693652397,-0.8037785515637976,1.7470261169087753
-0.28164603565432483,-0.2728083154804204,-0.33500300830012447,0.2542648889220473,0.4724768135224612,0.0009304712355062555
-0.02798567798675113,0.2469514783036454,-0.3232198867884114,-0.21180593715068677,0.34661181575186434,0.45282269196873476
0.2749000170283781,0.1899900173044794,-1.0648516905164194,0.2596055107795378,0.322523371716911,0.96527027841887
0.1160376740888923,0.10949573079885792,-0.27525132865345264,0.6908669779746499,0.09566781169026532,0.003127618683555128
-0.16226323488504069,0.1757553654205332,-0.9609281868934278,-0.20651347650340393,0.15644535499116388,1.293709654813899
0.2611635953650323,0.5032979368711631,-0.6145504897204923,0.4589738622833844,0.24958793824732317,0.505252305925107
0.16311041616149344,-0.284352493796542,-0.29690197609381025,-0.2619268433750374,-0.5340565813920746,-0.4991958810973157
0.48288282807577054,0.04325106280074359,-0.20076839090260534,0.028186133957767767,-0.3188422168097396,-0.3903368890550147
0.346862917035355,0.11415590610555038,0.035842840314004844,0.11253385418438841,0.19301733181471972,-0.25314328600152675
-1.2453686925185885,-0.03276028410618159,0.47540954748776304,-0.877398504794067,0.03465518567088712,1.4690290543459237
0.3479011883154172,0.33874074172391155,0.5287623585000277,-0.6029408763289656,-0.5254230770146863,-0.04636986532369036
0.21242634028872914,-1.029418691142884,0.23318359806317304,-0.21536022592444304,-0.3674359899375539,-1.2666015388316487
-0.44319927518761043,0.1949561533650469,-0.6297067010947015,0.27851482777652475,-0.06844705731781585,1.0537494783369106
0.8219781383469108,-0.26652355360255625,0.09958009163675649,0.22665882525566725,0.3119388526536267,-1.149289191193154
-0.8242511910390858,-0.509038964357393,0.5452825445912087,-0.21238804346621726,-0.563611480359699,0.49284094052886157
-0.2567118260287666,1.1880707997904942,-0.18802324162349876,-0.3883296900051963,-0.3396897399889261,1.348223753782024
-0.20817280977085661,0.009952171274622322,-0.10523026313748497,0.022870843401856567,0.18326790386904537,0.22500689779548783
-0.0586805295663762,0.3401043186263972,-0.7532036434470281,0.07442890694634756,0.4873082332388475,0.9298307575487279
0.6632440336922927,0.286990914413186,0.16511227297362194,-0.3401929977439746,-0.50078099092124,-0.5193532431072856
0.008054934581232921,0.38013460097254803,0.5659490124751255,0.19485674053314664,-0.18318445080599013,0.7280726761132947
-0.3941439542126957,0.5254479531705358,0.16556873973076078,0.5238206167623243,-0.07221005913674641,0.9848300326727183
-0.10843691004503768,-1.2478572359964433,0.4096681986578307,-0.02880129411647614,0.39379517990298446,-0.9602504821618172
0.23581474141494102,0.2632782470815375,0.15406186444400896,0.7416423421858525,0.13090975698536617,-0.045889655043047026
-0.2826714856315631,-0.23374632313525184,-0.021121581157177303,-0.007457528250166087,0.09462365394388118,0.0500769422593109
0.6631417891687679,-0.09469274222630265,-0.6338762479584932,0.1626015998971213,0.008881900850189417,-0.3574796449575018
0.5274679570342693,1.0039098831708253,-0.300141706999469,0.09894267705809029,0.04509432395337036,0.5620652172850399
0.9285977569352151,-0.4745718972841687,1.0254843623288845,0.24730830429826683,-0.5134073659418655,-0.22458157175298227
0.029226727025230433,-0.2138062798714912,-0.04270667199576256,0.4639287816861734,-1.5873675418932391,0.4952163427349383
0.6253751935599187,-0.8661212584480958,0.4087597042768184,-0.8137209990449549,-0.6845515709780061,-1.881445944401559
-0.2980100961585688,0.28166578451705077,0.5307965814121549,-0.6679124939833866,0.2698664218977822,1.0416680464065706
-0.21138142741459778,0.25607894253411445,-0.21119689942336822,0.05878070164538352,-0.2578173163034601,0.5272191830234036
0.1646926590587415,0.4864369694837421,-0.47350398523635917,0.024795694364311942,0.7699126391934576,0.5268598159710531
0.36957902561873,0.05485771702902488,-0.871458849156216,0.9154468235755341,0.1945047439602735,0.26666046715416636
0.17442790559909152,0.028116916745888825,0.2872962787893622,0.15543111454255165,0.7147418198529409,-0.17486495471690205
0.2570643828367782,0.4258954322215351,0.4793367186367149,-0.31324202456349187,0.15396550643776785,0.4468232061676799
0.12857950725326184,-0.6638406783621533,-0.6990564089855419,-0.1313420612967483,-0.9820479700234055,-0.4327245273468153
0.1239309660072191,-0.08465810522785981,0.33102861750446244,-0.44608343198681044,0.10850410560120077,-0.05060724181692028
-0.06215669807274301,0.9675681437001711,-0.3092213274921942,-0.5234194931075287,-0.4448087943301013,0.8925210774909164
0.01054347894015427,-1.290465088943398,1.45476663998445,-0.22271730148812613,0.6478491298695791,0.9596246189040777
-0.059595163734416146,-0.4235843706390758,-0.0022049370321952405,0.7035476192591197,-0.12744594726494524,-0.2743200523748681
0.8051766798420286,0.3239838146167764,0.34941436802526654,-0.2973779226886942,0.313650912532431,-0.2658296078244481
-0.20180734061245933,-0.5834956270491681,0.01831633268312408,0.25393158868777743,-0.6356159220504297,-0.21994983751223784
-0.3537576793356649,0.774104903157961,0.4622997653384869,-0.11774223747953619,-0.14417087255613317,1.3246086544115099
-0.7486631575373269,-1.0287761754146303,0.7450695478251151,-0.3011927467741682,-0.8470346676328991,0.01989491506172064
3.9189408161470976,-2.007580458089782,0.5603662393991167,3.9685272557080573,5.628804745677282,-2.0695802676149113
-0.02021524639986438,0.492882626887302,-0.19942639630770798,-0.3950986727914679,-0.5160880123127982,0.3489630721230721
0.03633333528074098,0.59113881849496,0.4014515305098678,-0.4623613261638904,-0.17407646618720393,0.635482588802695
0.6330326328211134,1.0088914172391679,0.27279388595450904,-0.9926591211923749,0.003749259603427533,0.45399702537527653
0.15261778420419403,0.33445658336045525,0.6496361863942253,-0.21454562654904843,0.14744560152888053,0.6354997827910088
-0.26928319557282376,0.3333686442151384,-0.5938679843388536,0.01768468182556559,-0.9728834842123425,0.9725361574822979
-0.4598682750115423,-0.6685218540627016,-0.05602618462074279,0.11837737891721893,-0.19800163131782522,-0.18207573155126403
-0.04372222515244914,0.46851800985559916,0.40341375537198987,0.010787002514790443,-0.9528939188871688,0.6852617621307443
0.5239385209270399,0.6225921407264445,0.42896164197198183,-0.6718921292959403,0.2919604930505573,0.47882766742873495
-0.4955575655733163,-0.5938940517839489,0.1834732232228613,-0.32397322319940663,-0.45576985288740934,-0.21233129084790012
0.266148700441742,-0.057794619863300034,0.5326510188307079,-0.24920720905881522,0.06231247315355146,-0.024697494919502024
0.08154234102822629,0.5788036461040528,-0.00432724408682808,-0.06356011179566988,0.0785052004162019,0.5022698294322088
-0.8715387045586676,0.16448815365151676,-0.18924218788882516,0.2701079823752209,0.043405372560529884,1.0601153262805643
0.3773220922933521,-0.5091504972754856,-0.069712240421255,-0.3311451935976628,-0.7684358280813717,-1.136076624161673
0.14217506646136255,1.1643703339245173,-0.15990898320096153,0.28859211667105994,0.38213366572076146,0.9374853869298942
-0.0073924394607278,0.4097756334713673,0.04967367317621207,0.3260268328053218,-0.5555147987554158,0.6007482771536261
-0.3622103617953471,-0.11676579306604559,0.02436851198053458,0.5929343108512158,-0.019520740792391977,0.2576129100944891
-0.16055272355129466,0.2529343710802323,1.0445297856019822,-0.5063546274001389,-0.011987035134825384,1.4984598769319228
0.30818936843933015,0.5952417798696593,0.1484720938324309,0.08707419111830038,-0.6026878010486446,0.3615749268504932
0.10766601070828437,0.1978596086195287,-0.4200684213661728,-0.01338472868531768,0.3580828315773678,0.27144391808784624
0.09177930283232694,-1.0435675064974967,-0.09321584058852386,-0.22902771781342884,-0.064568523920748,-1.1414455980693494
-0.6216482913679555,-1.3888249901156666,-0.2847845318814388,-0.04704167574749706,-0.33706065305692895,-0.7019303670971245
0.6673193370252138,0.4451914559036076,-0.6970763645148995,1.012841662210801,0.7923474506207507,-0.5387349320915089
0.060890114167376976,-0.17395002812287333,0.43740386361775385,0.14955258021736062,0.20660618586582866,-0.07441649056761394
0.6075504213471699,-0.5871758190656082,0.3397038113685677,0.8211799641988092,1.34735085584905,-2.185745088523804
0.5064512435363335,0.021522870273695312,0.6162523053193107,-0.173205420469099,0.1659416917198262,-0.07641946896358714
-0.5152395648225775,-0.8197347416854259,-0.7745040652583914,0.43715333527965516,0.49855519290817046,0.07741630483812767
0.1549614036480472,-0.5993697654660339,-0.20819547366548183,-0.06274777721866284,0.46738679171847103,-0.6816583315775906
-2.744825621564137,-1.2843201660980963,-5.157254412654069,-0.6738159025937964,-3.614250947657846,-5.248851350485026
-0.30038286834639594,-0.4968827973591057,-0.39575601333148125,-0.5435879952594439,0.40057457758245724,0.17787042465526431
0.17880780034243882,0.4607115883577761,0.3141577875244781,0.7326251594459966,-0.14525084097738986,0.48701332400833774
0.24611554088714643,0.1377212070743469,-0.02518420886259465,0.41093871284600714,0.2090543213008057,-0.19366860314701345
0.4050529356459093,0.32186594195099344,0.13302138841859762,0.16755371775567238,0.533034319477491,-0.15480418583792283
0.48237215123804567,0.3996551733856562,-0.2091929867905006,0.5272125903296869,-1.0988270905311477,0.5403602045933009
-0.10981483804870462,-0.8722577270953084,0.8962654818280115,-0.5936015437251425,0.5388360402955656,0.3607028302039847
0.7431662071438444,0.2406162427878238,-0.7813114610477664,0.7245062452290428,1.093636726518398,-0.6844490035658514
-0.317335399359955,-0.7721949089640986,0.14878605992191843,0.5753222370151515,0.12207141124674534,-0.502952615371129
-0.7616878394629616,-0.19953215216441622,0.698107113672856,0.09475986726925316,-0.3547387169226428,1.083124223190046
0.22452774096762787,-0.6045346146049122,0.6373963382164262,-0.7485968154226811,-0.27936422788362464,-0.6319194349375289
-0.025388319166809913,-0.48357720488177375,-0.32680154094774244,-0.5611779429854266,0.4661298958247886,-0.0898078224461788
0.6855561637786323,-0.8405511188784254,-0.18798790660693762,0.3247357838679771,0.4673707688349418,-1.6425398426011928
-0.08135769306044133,-0.6039814231435591,-0.5103509747971229,0.6710840502014107,0.027092158021009123,-0.2803467277401797
-0.23991918808707566,-1.042699449251018,-0.43244340179742824,0.045838643948047084,0.14283581618004684,-0.6223203655267162
-0.08169187663894077,0.19950174837176282,-0.14060455110902179,0.540862938310691,0.03296505458451594,0.2831336885191195
0.399553549234956,0.10802832866384311,0.4999050780147455,0.3182860032018902,-0.072765999593328,-0.018459734366633392
-0.0745897873763987,0.3025186219144859,-0.13263370557256057,0.2903644028621873,-1.2474314224682945,0.7569097892413286
-0.37660130246898404,0.7074336732072375,-4.717173541434384,4.784845096339863,1.3817664898628665,5.904549772909677
0.7067674213781393,0.5086807004562128,0.2162869255632497,0.5003978551523468,-0.3076014729257886,0.002616430541443532
0.6644342580782469,-0.48720125637670864,0.27134465108690603,-0.03584911735155803,0.24888354928965548,-1.0690853392161235
-0.2046462447123822,0.36404556238673946,-0.8140063201723131,0.746114948383676,0.3518242661127124,0.968796752228781
0.07607567396363521,0.13735599730941214,0.4159086816294405,-0.3927889051703648,0.7905177182079471,0.5447669438531908
0.10594067380444577,-0.20678068635272698,0.1488057305403446,0.4949734585936343,-0.47065000822833114,-0.05761895235562764
-0.24926465430028602,0.21564309747869573,-0.7679282020774625,-0.6716501501629683,0.28779620619264124,1.247919840430526
-0.5279929000849408,0.20147148588298786,-0.002457682029716439,0.6727151282498935,0.02805916745040278,0.7105945997389048
-0.3748247967216365,-0.21183534417797142,0.1728262294413064,0.11750890128426447,0.09695025887549263,0.18146583972688002
-0.6236615419167678,0.2048440155711477,0.35954831141251303,-0.3051935046416064,0.47045736440596003,1.1013610775550133
-0.168127232937601,-0.5848351782119906,-0.9624290454558933,0.5287399447554428,0.9705619344298317,-0.0036131413294128167
0.05769467325593719,0.8737179392281544,-0.7953143981069116,-0.4079413955362713,0.6866998102979409,1.7286815367358113
-0.7569745213392431,0.627626060569664,-0.4636408942607841,0.4375759540922533,-0.6013362901212072,1.86269376161993
-0.5267725789071854,0.19794271175915207,0.055954458778469406,0.32379156436492357,0.16586990018869888,0.6741389176603763
-0.44745308635168507,-0.3218956192527468,0.8814958744257431,-0.5104318954654933,-0.03237119109806814,0.8860691552978811
-0.5816321649555506,0.13401202137194,0.00884034742832334,-0.4099483071670875,0.6013088926210995,0.9622279006846799
-0.4165253755523924,0.31834990632243454,-0.004113002732605475,-0.3188557824019532,-0.031990163203452285,0.7246919501489024
0.49516722935614277,0.08959243875792529,0.10269853166335352,0.6179103219673581,0.11380543151359795,-0.4653493530206101
-0.08114117619933685,-0.7738392818608298,0.3733944291310222,0.4007803871608279,-0.07577188825944148,-0.5229068192428851
-0.10247656539233188,0.22839521142183766,0.03675549550842993,-0.9505422249940167,0.15059143312907905,0.4753662591757923
0.20790546746533387,-0.9824603739761274,0.1104453362411476,-0.251100161061185,-0.41752922926757374,-1.2830093258608815
-0.5549557276347715,-0.7375778161775545,0.5037164163669045,-0.27605972386430644,0.3238897876275172,0.16052106490965495
0.3933174156268195,0.06102653654311846,-0.22168624541180282,0.41092704786993955,0.0799747405529896,-0.31600987171852335
0.18494117555735567,-0.17492752351748495,-0.034356830435672385,0.40034922727794686,-0.24752515680493142,-0.25959180201854815
-0.301361225317448,-0.27828659964281055,-0.06283717489315926,0.7111590263650993,-0.05422803965361646,0.06558789610494484
0.05871917234874172,0.6845319732992682,0.3860735419683719,-0.682117530579435,-0.3786095560693476,0.5166093653187311
-0.1343683576830961,0.41020002640441167,0.5793379903109014,0.08106660928764677,0.6855765313637989,0.8246235263001326
0.17353874449931053,0.32440997521600534,0.8245030038767897,0.626047588289437,-0.13821727953152405,0.9172070286291819
0.6398166990215836,0.2520800836731663,0.02861084799612434,0.8394649761171349,0.05280466523716233,-0.4312457017675477
-0.317041709054296,-0.5986342309151057,0.33510971110515536,-0.2360220773373743,-0.5618063558530343,-0.3018927065536023
-0.02500683960946687,0.08784088834117514,0.11724134133630733,0.1580726631574446,0.4696073827078415,0.05236117044595273
0.9988391059079181,0.21204577308595854,-0.6987390194251469,-0.7503697229202207,-0.41872630316981824,-0.6127566556436885
-0.7225473120101904,-0.5267302950828633,-0.23799931650145567,-0.01895626042788725,0.9798476156496437,0.2710349381643862
-0.23494552952578981,-0.5895445978682375,-0.142928934614114,0.3045076350449449,-1.4928411916304767,0.1204111527685518
0.305967881486467,0.24112644005813338,-0.6097654877526106,-0.2062463348651061,-0.37226657249565953,0.23019389245582048
0.363256491413261,1.2197172790594113,0.056548883740788924,0.03955514503264249,-0.8064859606614677,0.891559233039234
-0.30392654573115274,-0.2632122137753081,0.27591314768048675,-0.29467821652904863,0.8594444732013969,0.3701019615875341
0.155207472113291,-0.33375973062908254,-0.18530838714618378,0.7428559187828813,-1.287817163762933,0.5020345980158243
-0.7383838092141071,-0.04313050209424545,-0.3304138463207305,0.2230564702074797,0.07191857438783263,0.788384713615017
-0.4003171775958808,0.35115823279962577,0.7161227934491367,-0.2694513779533994,-0.6121502643635589,1.099362533445603
-0.5890410655316699,-0.002819965134134304,0.03684332768816174,-0.6077504341878965,0.5145773189780072,0.9003131202248005
-0.010224449914171806,-0.3338240534867141,0.10326161638923131,-0.08720027725159864,0.30564099562336433,-0.2862846625954135
0.4962682313908134,0.5101491853004704,-0.8479550737545238,-0.43157915019857457,0.4285635890917789,0.917867870601978
0.5600050386514036,-0.12718252100623398,0.03778253717347331,0.4970997746370885,0.21534335056805698,-0.7928071705793494
0.4868902063280181,-0.47934170903771883,0.18486182067513293,0.10945431433541927,0.15061989151263383,-0.9485440195732024
-0.3358282773712617,0.47205763873124906,0.12528634082477008,-0.3562565879670886,0.32903292487843416,0.9408027304457935
-0.04125024100569308,-0.48145577545520085,0.049881571359636744,0.21910770924015327,-0.5130546688616339,-0.3253031300789633
-0.27585279973054333,0.05412847002983642,0.5219848257121981,1.3087213143181038,0.7543841871794965,-0.3848292369121715
-0.04252302484710609,-0.3289775251451279,0.005991853888192165,0.4298173853377523,-0.1456131512490095,-0.22383153404436448
0.6961312746444623,0.20397784653852266,1.3567401278468523,0.0806674625207564,-0.2034480951529525,1.3650019879946236
0.042372334001013444,0.14252853157990447,0.10381044576919381,0.01208597673783042,0.24954205926922512,0.1079168467062516
-0.5832273599243263,0.9428810838319068,-0.6395028141334411,-0.006769689754447388,0.3933798195684353,1.9377353523749625
0.5011680990240065,-0.08410966746232093,-0.27767508594675816,-0.1199788874128508,0.5151718626489245,-0.4463645662237639
-0.6707591372616443,0.819704022361837,0.08883087498814414,0.2819048963798593,-0.27092561955915057,1.5747293426831122
-0.1952354741289696,-0.48467433127502946,0.034534705318417215,-0.5023924583427573,-0.5588587837346848,-0.5690126495015415
0.3042521341201594,0.21316954611302624,-0.3268408581983716,0.27351095106703166,0.1816079080518042,-0.0339293930718281
-0.1665177464501421,-0.20219075992868166,0.22859280039980362,0.25871121170607064,0.47991587153410087,-0.10757796172547726
0.5612880435365615,-0.13222870695483963,0.0742216564890703,-1.011240796181911,0.2748951614109163,-0.41002269430768956
-0.044416106660806004,-0.25208249527043686,-0.18358123458988598,-0.4902105316121674,-0.0869550937446797,-0.2165906216470494
0.09513498392475091,0.41047368670776657,-0.013226038885412144,-0.0910138349086031,-0.4745994187562174,0.2723185177412168
-0.9041573504958599,-0.35309191854149663,-0.23251901784214546,0.4130757594500962,0.1741634089837175,0.5331878431782724
1.1005838936158878,0.34277470169651925,-0.16588219729037693,-0.703075679139661,0.42796057709209484,-0.4294036151574593
0.23666132563301337,0.2618520885078319,-0.037767828857690304,-0.3290195275474966,0.2496330066255463,0.10875130567164068
-1.2340474913560036,-0.18898134935796848,0.06356791305409187,0.16327118325372728,-0.701090500857081,1.1635748972109716
0.10448249564424593,-0.23834461369383297,0.04372456405889383,-0.12361414908828224,0.0814206852641703,-0.33085052310882335
-0.022820518209607458,-0.5098860982719794,-0.4416535326129065,0.5442541027011722,-0.3034994497552262,-0.12682691649608213
0.3394061574142493,-0.7518439649260457,-0.23619783269986017,0.4546376189972943,0.07891411724192819,-1.0713380325363273
1.1481037707150432,-0.09928402773802078,0.4912638330404738,-0.7561939307089828,0.30433629973515974,-0.775910382045288
0.21838673613416126,0.3812900961733351,-0.7002272499123186,0.5418798522191982,0.3310288037165411,0.47384372232072525
0.5726418237568904,0.029602063894800877,0.6913918444524965,-0.7012268431122596,-0.07430448868016762,-0.11712137931292901
0.5963988258538101,0.8022468187567748,0.3924682573035316,-0.2082494711510257,0.38557103330558795,0.440174289670879
0.007020268598564175,-0.08041484308289192,1.1151798244159692,-0.19955785926276182,0.027222281682285927,1.1616233493597408
0.15251608179851567,-0.785162701272397,-1.0903316124131277,0.26121275381479764,0.38902914849092846,0.1495248667649572
0.17010657042593078,-0.06249682263741582,0.26244061069795066,-0.4610221272819582,1.1044349333912675,0.34544062351671667
0.12818685995834525,0.13385619307950267,-0.346324814017036,0.49772380786488707,-0.26794377225238336,0.2589722045442303
-0.5644443629136685,0.4116301255157051,-0.9458943231926076,-0.02383499543813652,0.17759761184440712,1.8750235973455103
-0.16366321319950122,-0.06339848912638404,0.811973940667572,0.44438246990268215,0.18361375129983934,0.6779716720856235
0.05910419088536343,-0.07246168301318126,0.6198408294194483,0.3623771132671957,0.6758055101556327,0.007740330016582225
-0.23943633544302534,0.12312258854517807,-0.2598275260173981,-0.3916583283192976,0.3236408739504668,0.5568259109317615
-0.0277767002668761,-0.044923455558023566,0.7465231731131075,-0.08117264304820682,-0.2371614713651277,0.520899069243806
-0.8170160098140591,0.8909854504978827,-0.3088638504435939,-0.5431996464293783,-0.022376664002355752,1.791243342448436
-0.22901669160906407,0.41967931437780276,0.785226426628232,0.6813239493059517,-0.14190077340839125,1.3619569424103832
-0.26456344365572254,-0.5958202629326403,-0.18047109268567557,0.5108047376990579,-1.034922080571242,0.22995609792340044
-0.06839577212638788,0.670027366967305,-0.02445097159086332,-0.09475076342239153,-0.19733493174494862,0.7203233536726907
-0.0009200463165372703,-0.12130029109037657,-0.0378825998135682,0.5111825890412013,0.31760958458961097,-0.2813016431600221
1.2524323426512236,-0.6667305633874745,-0.5141363268437219,0.6815848320433131,-0.5711372967463729,-1.2655482249817953
-2.9469464896814483,-5.317380760186179,4.399783690790404,-3.3476520493875443,-1.1401266234328844,-2.2068423477814956
-0.529266557045033,0.37046216492383777,0.31911269003930925,0.24998140876055092,0.10777709182850582,0.9746193616655899
0.2967096843362376,0.48907766872412484,0.10779002477202966,-0.08242625146560295,-0.7005877024668709,0.14623985569099868
0.16491918405489436,0.8334811449957367,-1.1408167389072035,0.14021500753222813,0.21932741949650306,1.9392717969349824
-0.32663871393673727,0.06731141333740791,-0.30015910774508114,-0.14491655698706835,-0.5416331483033339,0.4055540062342831
0.8040855708417249,0.6203287708594989,0.40845216715811367,-1.0901234026902942,-0.7632288516638186,-0.8489372599332341
0.13909858968832356,0.3390923536239222,-0.4277774455884527,0.02295318805888454,-0.054108482700819346,0.38422926906879307
0.25062101250270863,-0.19990373989738303,-0.5115714499922306,0.047658892392082076,-0.18471914415779173,-0.1800158941387647
-0.10909235922963192,-0.4095043701936907,-0.13856504344784784,0.3205110230903409,1.0051182734261987,-0.6033632258409828
-0.38870960539415894,-0.2891557454168737,0.3620872084559804,1.042517953950577,0.2724550268626264,-0.0533782506436449
-0.2963040494911861,1.0005734762018985,0.301395903666692,-0.5852329482328789,-0.28362879356045717,1.2217281013810255
0.8300286563532233,0.12688803820465414,-0.19928175903559664,-0.11060933682920254,1.0483416760169864,-0.547471021109594
1.1829941007955265,0.3829773677325443,-0.18514485880948167,-0.7884883251306503,-0.22878162875993227,-0.9461297576009805
0.3344494316690455,0.06440917472848344,1.3333502997685958,-0.4932753143710653,0.8086454245852124,1.9066675909794364
0.14148390375881534,-0.8164331462431876,0.08859231906224177,0.13090614448102525,-0.849749249000292,-0.8388310530429021
0.19852686536353542,-0.4430340797537084,0.35853542664400406,-0.59207259140777,-0.40558223900987816,-0.7531474202379899
0.6613279103759948,-0.12760441305615758,0.019764257635748676,0.23595173103899197,0.629240265054566,-0.937012027331319
0.288223099510519,-0.5478742587131981,0.33099551329774557,-0.9379083142604077,-0.40728327649271845,-1.1085336996822202
0.7306667603516361,-0.4824505925054532,-0.20056834819531513,-0.5692212621724474,0.28129027106426324,-1.0127732874272624
-1.0588081393955315,-0.1796471541985895,0.7338593430390039,1.2335796957741447,0.28936553781610197,1.0607550684558715
-0.15198389767920742,0.6907365141569347,-0.09225506586345582,-0.5032128145751933,-0.0033506401189713907,0.8495453239687165
-1.2052696487838273,-0.4926184729260702,-0.3281510206989686,-0.3503630604740235,-0.028278531603508805,0.8104265153652153
-0.01696314013803084,0.45105983121084375,0.4338764003026194,-0.10097057333417415,-0.691757570176073,0.5864245436195001
0.376410963804225,-0.9422294095326287,0.22959213738580023,-0.2698123070302305,0.5294148487336091,-1.123085182074598
-0.06528668194845703,-0.08129352180888406,0.41886453893507447,-0.5948021122088112,0.03253542293975408,0.17879280040303824
-0.2610928116470929,0.5097243188668886,0.23479716683902832,0.16554269582513662,0.6478020923760694,0.7187079353365172
0.14415727741636747,0.5927310909426309,0.17772378218767346,0.585463539324888,-0.7615919655990312,0.9260438839823621
0.9870079125468767,1.2817241471129894,-0.5504306982746803,-0.1920642036861648,-0.0811729428600803,0.582099771537981
0.7844797630655697,-0.9715918700477275,0.5471157938385464,0.5036525475049964,0.011033544424301637,-1.4622930140030237
-0.2461586909065965,0.41078376447969944,-0.6456874889329296,0.42144723330305317,0.04912873878678837,1.0531496177134478
0.44064921743640717,0.24369118273493842,0.3939163448090148,-0.457431406102988,-0.3949775675629852,-0.22246309210324838
2.3109167698251003,-1.7431817784406523,-3.9184396828221204,-5.44598330749715,-2.0785235397026107,-1.7304668842500917
-0.4588333686846819,0.09390936402910754,0.05504270443891894,-0.1283432788682972,-0.2252913752972759,0.5268577982193392
-0.3676456858768736,-0.7859576264451265,-0.014996548093506569,0.32438566835281424,-0.3299456474684949,-0.3110574047393623
-0.7419590521420315,0.987407849287918,1.3408291883364305,-0.6645872972497056,-0.06980852244007345,3.4807959564714364
-0.38039267090877704,-0.2975533886421521,-0.8028244231711037,-0.038195181871802965,0.941735115436339,0.7633360807157946
0.20766293136145175,-1.049046429008067,-0.3754920868577832,0.5470207558989407,-0.03172821673163541,-1.0983590599768411
3.519773961101466,-4.3142324570114425,4.7179244939158735,-3.80957428294559,3.730828189755366,4.521963391779408
-1.5685763154833579,5.214719806443297,-5.020306365298228,-0.5524546246334143,4.647487099926041,-2.167139276572351
-0.4306689960773729,-0.630403414767404,-0.36300742085277177,-0.3428538886267487,0.3214953554528914,0.04226590169661286
-0.23591339869970607,-0.5436813152981826,0.5330910245024779,0.1517840870011488,-0.2271309497953129,0.010892987651010287
-0.057205653803921515,-0.27174457393830964,-0.5629415620788404,-0.3029485208914602,-0.18309614416343353,0.04689557612613503
0.9848313159183175,-0.5381306369979701,-0.06373085729972774,0.013733918201358624,0.2688352434957273,-1.5225924919879419
0.12869996267234668,-0.45424071639033053,-0.18925155302941163,-0.26745779938778536,0.4290366730358126,-0.4323753243118178
0.20283228900205483,0.41759255116667165,0.9244535134937398,-0.8877634926682859,0.24018535547980133,1.2826023508440592
0.551217562439559,0.24730327684364098,0.19633967214338177,-0.4230136859409831,0.5218271106695018,-0.04462500923030813
-0.41460617538315186,-0.10279451731964301,-0.4324666371570361,-0.5779131306237945,-0.39568334158505325,0.27016845164632197
0.06635189299073257,0.6335484283965784,-0.24708509389964017,-0.024563634660511948,-0.6098219012807433,0.6132681366422009
-0.03063844216005623,0.7423925930465085,-0.10185970941390146,-0.20178857595673763,-0.20426136233785303,0.7421888261793106
0.2928988446760994,0.145723881308114,-0.5052832216504026,-0.5444814991038521,0.055268245418781434,0.13822870783188226
-0.22996062624450678,-0.35256863265913424,-0.768829935407619,0.8692483501216037,0.2803795348754248,0.22477201506593053
-0.3917785982558885,-0.39653146140666823,0.2134409614224576,-0.04833056872877456,-0.4407949121690781,0.019500312064281548
-0.5991664924662294,0.3457828753737709,-0.596849527193588,-0.3237309889915273,-0.9059009872582412,1.0079105034176985
-0.918114928618743,0.8514677009783396,0.06968500231903972,0.12974224789622285,0.26317539708316723,1.740293661536736
-4.266259458926055,-1.152519996234366,-2.276765677864923,-3.079223804628453,1.0572485119005135,-3.0558809644396825
0.5256161095243468,0.7924058741244295,1.1509594837393504,-0.6198266520539258,-1.0533779583284408,0.9385857645515175
0.13715072751075363,1.4791613713583167,-0.007787510780027293,-0.4471032566194388,0.560886330018867,1.5928453939164726
-0.7615255377105434,-0.41812705287666824,-0.3604647399722595,-0.47747389000845936,-0.2983656084382879,0.3308715258913737
-0.13508761953103474,-0.9517850441800463,-0.5777874311521444,-0.3482603615294159,0.3723495567609835,-0.3531845177987196
-0.6637784434604505,0.24382989574219366,-0.4166352423656569,-0.7840233908044711,0.15736983036650212,1.2045748923980033
1.9930825571763089,0.49394654740084576,-5.651834106907675,2.8049795553633956,-1.2605997788279293,3.6245654235439986
0.5616520487740779,0.3521222964916364,0.8421817247843343,-0.25474101186270204,0.503019917931702,0.6278801081592897
0.14974530652564036,-0.7359182365436077,0.3906855950877492,1.2613233547412037,-0.55389101929555,-0.034392630241291355
-0.7425936631638843,-0.5656196291875347,0.0881560075361616,-0.3238759052414475,-0.21040211208512666,0.11660134112478247
1.1634630157011319,0.3980555491267862,-0.0010505660569241821,0.07145303046079401,-0.6158979543742571,-0.7213985875906612
-0.04640487277959187,0.11387640832406358,-0.1853581534187231,-0.14645531815411175,-0.03477992922410276,0.1895452205425609
-0.2860609007380963,-0.44237126224238904,0.3168048588140839,-0.01879401646469457,-0.8933868519649543,-0.0727353701412521
-0.43846069530882,1.0293033914313672,0.059283707651185055,0.12675295956582655,0.6921292746512703,1.383549210768861
-0.6600473174626538,0.04252336518848391,0.5807211748513155,-0.2062135076780278,0.9655874373900627,1.2389249380058724
0.21011140071413797,0.25980197442700165,0.03598096815164024,0.043545425638107614,0.15148101109991471,0.04438889867755633
1.1365657191990397,0.12119411772904416,0.4114106087691402,1.1092672574181952,0.27743203111709414,-1.1538591807394196
-0.22048595944665378,0.036904638208501164,-0.5675954361288805,-0.12239846951286473,-0.30143899303771027,0.5426595053701743
0.7409047175062117,-0.042360933059706604,0.4371376938608436,0.7633285588017583,0.15684861002153483,-0.7119033106097388
0.0012415597117322185,-0.1706475575434569,-0.4227489937369709,0.1067338542124599,-0.540675979831071,0.06453602565790076
-0.22484437397916285,-0.10248758360502518,-0.47400875596746267,0.5816011790760554,-0.5495786656902191,0.6666766910684359
-0.44568671522927084,-0.165607468945388,0.8813641520648624,0.13598481738439983,-0.020040240752583663,1.059607183307976
0.15910844153871778,0.12086217496758436,0.31566447651824836,0.28111117161970933,-1.4805348511188496,0.4775926817862381
0.6344236371872192,0.2520290837298217,0.670051775762251,-0.5097785797105554,0.5922649401465699,0.3684988087450239
-0.5805120967310494,-0.4496741606802725,-1.2176962045255146,-0.6635932200342459,-0.10965108491976257,1.5408582660444672
-0.5994041188957957,-0.09271212700219163,-0.020587224635097757,-0.6050329295067509,0.48762434112371905,0.802144609320663
-0.6271208471635574,-0.6070689183613457,0.2172273616813761,-0.26272235107534453,-0.13705317816129192,0.031232722276380437
-0.24827565528161893,0.9580705568822023,0.45823257319902394,0.25038966413845526,0.14224713150784715,1.3807060918215117
-0.1497623943210449,-0.08635366033121522,-0.4245591106276785,-0.009856379714996847,0.1374384454910339,0.24501381791299354
-0.4379562163633344,0.6542018508207925,-1.2015500081432156,-0.3693125423584016,-0.9071552003478196,2.20085669589899
-0.20002120742450685,-0.32110330232523554,0.026451481694408297,-0.37563776358483125,0.735307392846444,0.15582681057933206
0.7455015628066385,-0.3637417412496177,-0.0094128421586778,0.4330408030406039,-0.4038245300283059,-0.9342822036878
0.25325185069666084,-0.12669970513887516,0.22323437431504073,0.6317508387131979,-1.1908812552166368,0.42222226183122796
-0.26032717374209025,-0.9981472782584376,-0.5147193848987192,0.7316884571436464,0.9821548189778313,-1.1915154034999182
-0.4807345250192702,-0.04628309448329614,-0.11186604056659712,0.416446081049666,0.4870597891952032,0.2441313011208028
0.5853479641927033,0.30338684585925974,-0.3323464963824911,-0.7663869368005409,0.25074830482627614,0.02066330056801166
0.4048359656424331,-1.0707661000085211,0.29575959352000813,-0.09882899586586263,0.2702874089479962,-1.3614160952703176
0.07928265955344965,-0.11277665062569792,-0.1737065344408672,0.6657187009050578,0.7522887697646462,-0.6626980525848758
0.08140907884905021,-0.057246010052167694,0.5932342163083227,0.08989582543158926,0.7582208088167427,0.14511086102974363
-0.6947935951065369,0.047850817004273336,0.9079249099493495,-0.3160099555804782,0.024865834529535984,1.5748299054824948
-0.23759571797456747,-0.2205777260063409,-0.018860205118954053,-0.33599985365410817,-0.274429502196783,-0.07483457327113327
-0.16285901522839322,-0.24055421007434336,0.12346423370286821,-0.3291014656203511,-0.524118676329018,-0.2349400023809919
0.20252626713785027,0.155398413737033,0.13812566531410966,-0.42428398630044045,0.3839464864357254,0.13485319180864572
0.0026028424677765256,0.3457659538212622,0.22243107953865585,0.04513976624552229,-0.9291714496700553,0.43458127853833683
0.505442974016638,0.12072093576531123,-0.950435509065082,-0.32263650419953827,0.12808754916181142,0.5599313377335282
0.4177132605847686,0.4825550882056777,0.1616078506177659,-0.7154923569640685,0.009131285001418975,0.09749228962997918
0.8295243648959963,-1.0235345655462613,0.6996584931530871,-0.33950356060109593,0.7644925672979797,-1.1039889747502722
0.27053831053298844,0.5003179804457896,0.6158086902923053,-0.6574594700164166,-0.10067806598704383,0.5428082650462059
-0.8714305168242791,-0.39137794119216357,0.36876193261218326,0.07341337989869222,-0.010384435050982514,0.616800295051419
0.4162851469152153,0.027244908603250705,-0.5216801777092215,-0.6803913908520044,-0.11681396068171938,-0.19636924367640607
0.46688610133183395,0.024586907304876636,0.3804317869752863,-0.3876523771857591,1.0071876711051584,0.09286784549035543
0.4800093318918443,-0.8504539423629348,0.6613536282026345,0.46451099070223933,0.5965667575295761,-1.1701864682780765
4.921836909361879,0.30306805328574526,-4.751772601742845,-3.829024856905188,5.436482651840899,-1.056564199363696
0.015425116047701313,0.3772947081090582,0.5062291301423933,-0.6105118199664794,0.08557901899807917,0.6703845269055444
0.48553190767751303,0.2001568393857922,-0.8074664085976573,-0.1617973125242632,-0.2700477728284131,0.32293392882507804
0.45151915032776657,0.02689870395902539,0.3926842869297807,-0.4371492020655424,0.2802837891981928,-0.14789366236729415
0.44209090759755953,-0.053990280671466946,0.2778034921259101,0.19745331797508844,0.4186025113236488,-0.5015608628052348
-0.6268681301120125,0.1701486812309187,0.08617731720714476,-0.26045822097483234,0.6352904931205972,0.9699099729843668
0.7813960869268805,0.31366645625611816,-0.05701320503066984,-0.1128945092178637,-0.993398549601132,-0.5766283668378505
-0.561731647605654,0.16698254636067617,-0.25361522760700855,0.4950750855640642,0.6289719844360829,0.481646518628392
-0.403007620817996,0.07041189853941833,-0.46901434102561657,0.5468615840575015,0.0033951412330397637,0.6915372991323087
-0.48559222487147424,-0.4948132653375813,0.9439414386964895,0.019422769496632363,0.3880151468045689,0.8742680704647042
0.5695011247930442,0.6328044740999635,0.08300480582460232,-1.0319840300557843,0.04125209392046497,0.11276464922918047
0.4798961290438188,0.22254634471179016,-0.2275084290205103,0.4098660517415853,-0.24350447860917918,-0.10578547982771046
0.18526306677851823,0.4961760351887898,0.720998565488578,0.47358527735048256,0.23320733052083625,0.7203083415419829
0.4041536618914048,0.1685052449427194,0.39497559059949044,-0.0182674651766664,0.009723029110511589,-0.07946508468358113
-0.10237102511399945,-0.23691820600468272,-0.2510194866259022,-0.005341422742190343,-0.32323190665928336,-0.07326291648198323
0.1312438277435336,-0.2603593434210917,-0.07782422256364037,-0.46562108501449995,0.2513915468840503,-0.2684933567233652
0.2195330539230357,0.15779564814825864,-0.10502546928124784,-0.15077104117130566,0.006888892332316011,-0.04966841110757043
0.3867380989294995,0.22025710026154552,0.08240316065681211,0.097351492057683,-0.9213398341338747,-0.06999691023661074
-0.3348834189246473,-0.029944709363730677,0.000831350667035194,0.53666668937954,-1.0509185185704497,0.868932362873702
0.16629900436037834,-0.4886942836199328,0.19753136601724827,0.3863417299540316,0.6890068318485244,-0.8821667387861765
0.3918282205786826,0.5347293213215394,-0.3528506138910546,0.5276973814041542,-0.268484061785995,0.40908299281937155
0.3822726084388552,-0.24309503448079325,0.750526405709324,0.12626795856217937,0.6933566344619145,-0.14962648404174067
-0.8796243523988244,0.7964827745416446,0.4347279344528035,0.06632364870058928,-0.6704374377676472,1.9095613610322946
1.5140835271283057,-0.2342816520401893,-0.16677574159351485,0.6436831885284373,-1.1697319021752415,-0.9676142706688348
-0.02170729486227244,0.18094779949741707,0.40291977967130777,0.3922526370300794,0.5516258862573449,0.14862273467156656
-0.6051704820671636,-0.17300643796200554,-0.41944910781788625,-0.20009023100556378,0.23941249266089218,0.6560056991165145
-0.1734516857317239,-0.09668874473804377,-0.8107941553346836,0.3541595057843614,0.8837302812199642,0.4211686236750259
-0.06670231344576867,-0.1034374476971832,-0.007200943668020339,-0.14642133434375146,-0.05067495755783163,-0.04410317556513521
-0.09349252490481992,0.4119662491208868,1.0077492074804992,-0.5157240666470486,-0.033758888137884566,1.503606968127328
0.3462100254616046,0.15486023252975933,0.32760809184408585,-0.3049887325267679,-0.44847038243765647,-0.22080114460557804
0.02835067419655211,0.16554010884092119,-0.1308904467691318,-0.35463245975401103,0.08322959276509702,0.18383765890640302
0.618389456352025,1.342284032846718,-0.8254671833378682,-0.004093906186354614,0.15099339238200718,1.4059088000456181
1.2243404350498694,-0.4603256805847985,0.004941785273494759,-0.7202959096742798,0.00260643103483083,-1.682764292779742
0.4336581096042787,-0.15668526742915498,0.3876881726624268,0.18424328220201613,-0.22558332158309635,-0.39847904623259944
-0.7485467305561667,-0.6571857735310742,0.45340757125123743,0.3244661643165558,-0.04484936296636505,0.3114914834667759
0.31421247370447664,-0.6178358039798592,0.2694133864114708,-0.3707899124564057,0.5578548028302117,-0.6526177714018396
0.07974958436895833,-0.268987985787271,0.6555071825284534,-0.6575117169994474,-0.3837700143857468,-0.17138118490151322
-0.06004686721119223,-0.23942279755241827,0.10139405999650959,0.32093773361311123,-0.3871186077959646,-0.044854206313150485
-0.6241213433137645,-0.9168774639254967,-0.3273473052974716,0.8381129492859134,0.0814596082566288,-0.25387221484985456
0.4331593354239397,0.541853575726577,-0.5634607014266243,-0.21811306608536776,0.14465831285779646,0.4577340705069711
-0.07379298794889655,-0.16229743833373764,0.0266784403723985,-0.7959027887983952,0.7080729047079137,0.47576448832547136
-1.090016832818492,-0.03979765667901701,0.1506013893080868,-0.010576552896261582,0.7894114744400587,1.081249206817332
-0.3184830530764672,-0.05151010536483483,0.7524664410433086,-0.9455906309348945,0.032783558840375406,0.8641785186961772
-0.7487962914527057,0.3972909655542905,0.4887915014283876,-0.6618032651334763,-0.01595317971721026,1.3744465224495026
0.8585362481553028,-0.5316274021171502,0.7402895008160928,0.04462465602328871,-0.2727975814983139,-0.8299616070155659
0.03807096234319469,0.3816141593516841,-0.5608618466184603,0.4436252548392748,0.5341311424744358,0.42115514380294405
-0.19996167746060922,-0.3607098371042429,-0.9678148260186563,0.9078771514006474,-0.3290449585385165,1.0746497774585808
0.2612196102022677,0.5588097410891436,0.3380222334675076,-0.02395453824475868,0.6747115229348651,0.42801156418556074
4.630793946574482,-2.939444635982442,-0.6802476632521914,1.4032437098507415,-4.759769869462147,-0.11868406717124991
0.2974584872509607,0.6373210516780393,0.43490198900228566,0.12623946216382614,-0.46702218925001054,0.5879589344547167
0.21272707525596934,0.6212336444694169,-0.6243122452712142,-0.16421367578001553,-0.3990297023303016,0.7327462146439679
-1.2130726564393086,0.7976525129413514,-0.5548326717956565,-0.182401281035694,-0.38968181579912586,2.247486000674491
-0.07301950252358072,0.4404435366299997,-0.078293850771411,-0.47550910040107913,0.054329928558614966,0.5454273416759582
-0.14582953816957073,0.06459675939471733,0.28544842785731345,-0.3652977953640391,-0.01929024653751447,0.2848604179983171
0.7096035466297168,-0.626720227003068,0.8984365694093156,-0.04563471264336697,0.26506368800135144,-0.517039399146672
-0.1588610544217733,0.5523901104895265,1.2209139694910047,0.5567691350812753,-0.33179483264708426,2.3866152078069356
-0.17277418178043646,0.010513316129513301,0.4119810672972288,0.47913553025205297,-1.1165013654321767,0.8879713714748008
0.5383795496070188,-0.13900608000485581,0.06156864879309215,0.11686895706677458,0.802105059092254,-0.7673361128117628
0.38684319708747106,0.0210075578166446,-0.08190763824736122,0.9547670083962118,-0.2927255719000427,-0.0796420595034919
0.623268121418136,0.6116855671488939,0.1597138298846416,-0.2965990858495407,0.44775827948081565,0.14673064956275117
-5.934824323256546,-5.367043877598969,0.9737990187493129,-2.976318613821602,-2.8299367513910565,-5.471840942563415
0.07876939462403611,0.1075719631407199,0.015228465818420606,-0.17724406817998636,0.6789717002525445,0.14937818101970984
-0.9627241939845861,-0.03026416254364871,0.002811980074204324,0.07988434256974017,-0.6250933312821394,0.9824031084870777
0.15905617962020788,-0.9012241052203301,0.0901465365289118,0.29559117083872405,0.4932032092027138,-1.1979404008620258
0.018686727173690226,-0.468139000087076,-0.5095641338140595,0.33135581801665287,0.164317875993548,-0.2816178050056945
0.08515858548081101,0.47734682155371544,0.4891007305121161,0.3160049261661658,0.5065783496681253,0.47132650667613596
0.417030477384662,0.04383657182887295,-0.008996186678296336,0.27432771555050234,-0.34140734856184773,-0.2794554761779125
0.37606868545789945,-0.541155384462711,0.2574757828969105,-0.2352607813768568,0.44791044075046094,-0.7455545308644278
-0.24503574636860467,-1.0095608456890377,-1.0719891722388604,-0.14861774446330736,-0.2988142985798533,0.34022657900860104
-0.32319857399398333,-0.22218201221205103,0.5757429072582485,0.19694918202037187,-0.6553908612291401,0.5615751510628186
0.01298239073855671,-0.17919415331933455,0.036778535096250384,-0.40656207758986956,0.25683001857073096,-0.08640653747650398
-0.1685114261430671,-0.5590977912803243,-0.20440012632722843,-0.106926812024306,0.12308425566637002,-0.3356459464258807
-0.014402593725578797,-0.10260459513302571,0.13121715255650934,0.43796298117118704,-0.31359999316348797,0.06636112761873639
0.06768795631116672,0.5060318843190715,0.46093604169858327,-0.8766767164949902,0.9277125961739618,1.4641099952094947
-0.45209385280723124,-0.3385734330693222,0.2595424015205844,1.0810606320962954,-0.19408915874503627,0.3907048265609284
0.42222426629213516,0.6329087737095995,-0.46424715309973064,0.23738580245804897,-0.7666883540002511,0.6082108567282594
-4.619345203322652,1.3087984713537768,-4.399308429768141,-3.1129245604158147,-2.0743313302663227,4.309649891383172
1.0194496824688277,0.1924053955893588,-0.3502637775424339,-0.7485773534376484,-0.048972357868913026,-0.7410191710662857
0.09674086731210634,-0.07005847470622263,-0.2534528915563214,-0.05942380030086336,-0.27638074028856535,-0.11898456769798105
3.7782226350074115,1.155923762122388,-1.4573359265811625,-5.069306334060348,-0.15712588521496418,-0.38167312716089796
-0.1904627954680022,0.3869303401554939,-0.08192658120829995,-0.9299325712821019,-0.02076155642228842,0.564798252784379
5.663026318160309,1.9436548906300297,-4.902597571708041,1.0767721225155338,-3.4610279231247896,3.540907619994762
0.2282134541767756,0.07212541359759457,-0.6605805865328354,0.43614086218812,0.9885967226418302,-0.15088875624447373
-0.0004016671016939358,-0.6513528231096956,-0.039715739595204344,0.1366033419387413,-0.640857081045229,-0.5618305970605225
-0.350178488124901,-0.4955873832238615,0.5528809548578502,0.35331877363297454,0.005438272979392651,0.1583470112058073
-0.4367268051401589,0.2677909234286374,0.9004452555171498,-0.339844454546782,0.5013845823192509,1.6857121566485935
-0.5097325031349356,0.7151308644878062,-0.40753011352625684,-0.49500262265459327,-0.351602587393647,1.2168999581614692
0.4912175632817358,0.5568685253054976,0.27996405497224214,-0.5861402428357677,0.09929177375287322,0.20222973847936557
-0.45776971975710334,0.2919357815338104,0.7137384438425737,0.6925874890808356,-0.5490842705298039,1.6394169637297515
0.014948158977071134,0.043552905458313376,0.09061747109580634,-0.41258589859361333,0.3134193834510208,0.16612869050683723
-0.44443811707604575,0.806222123792899,-0.10760519000117084,0.5428688302962091,-0.0470200105883329,1.2877648159327364
0.27632622511575994,-0.1236597017630662,-0.5624774063502109,0.7920699634272266,0.9600049165180536,-0.8439961533407783
-0.16837853860190868,0.0495344643872641,-0.5258736625540016,0.23236463494258952,-0.423031327517857,0.5927536319450986
0.1005744468599024,0.49432037860594996,0.2876690011019418,-0.32008804720071077,0.2128916136225598,0.5446434468108899
0.4460152168218141,-0.9847324410839862,0.027318307647081302,-0.1420497699807616,0.23016972527479873,-1.3973058114412793
0.33891395601418417,-0.09549420868977894,-0.13364266935381128,0.32823829146796196,-1.5195448541957304,0.08222500511818892
1.3727832693520532,-0.5426035049604353,0.3909881136504456,-0.8826894205190249,-0.09514449082887859,-1.8464981047718754
0.24991997893918788,0.5707940351620506,-0.30519688563519753,0.18829520723724505,0.0491560612034501,0.40476334449301626
-0.04684561527246802,-0.46528046661816347,0.4494868807043757,-0.9338842805515826,-0.35231579262205037,-0.5454185759401499
-0.31801597863929326,0.6291443491078389,0.0378886241661345,1.0651161691062971,-1.5705159051421618,2.621377759993863
-0.37746110555429285,0.7290429826107359,-0.02248817829253627,-0.40235033570128503,0.05472737793631315,1.1290293852126723
-0.4423990515880746,0.7669191712171646,-0.7048072765899294,-0.32373174078119393,-0.38349348221745433,1.5819225073628542
-0.22427017545912642,0.1424651512729461,-0.7565976112340993,-0.25797160969349203,0.29103054778068765,1.0142528909381805
-0.06548775964167794,0.679452932392076,0.40540456658077917,0.055014895690451524,0.6194379596824211,0.8752152398996689
-0.019275115031775484,0.3989058431128512,0.022102745201033964,0.849486892441984,0.0023872988829048637,0.4166415103806794
0.2909948474876968,0.5354074476092034,-0.9446169349517234,-0.45992576633624926,-0.5420686205910208,0.8874024281869363
-0.6860127324562457,1.0576857177582477,-0.13713744275252926,-0.12507271167061276,-0.2544151999661114,1.7306847294692138
-0.3957125737645926,0.8280024812980897,-0.311122340676516,0.13988272355126,-0.6045847608610672,1.4050831288975496
-0.16216906137065235,-0.9164034234948017,-0.43949905882040036,0.6492426856765542,0.080221710469924,-0.6131582981751921
-0.1112181292179668,0.04846588394009778,-0.09419217444023979,0.7958010791864722,0.2929054136373909,-0.06453826538835061
-1.266066175462487,-0.36007398229238724,-0.49996887498504805,-0.6191517922799774,0.9530104043308377,1.7460191690268183
0.4283951059652381,-0.13015271534972395,-0.13551884089402894,0.6354922108408133,-0.4819856178445355,-0.23388435920020173
0.33871879588086423,0.3335797242925389,-0.1956570458751008,-0.07923939013108382,0.09042334834831835,0.040307698988977264
0.07957487566005388,-0.5532679870233279,0.8113779053692619,-0.17635823840997195,0.23956895532657096,0.06774120157714048
-0.9172449016650499,0.23958316527045492,0.3965883226108174,-0.027193859069059575,0.5814698068721751,1.3299227725477618
0.8905545958694702,0.4804660737328151,-0.12367126061080431,0.7009094880887913,0.041854269589046394,-0.4241299961075784
0.7187962291546629,0.6283493413267234,0.6928399151647696,-0.464545381650779,0.4532658285889232,0.6001428075486835
0.14519037867963674,-0.20418310014847982,-0.680346955699388,-0.3978549882519634,-0.8324095342457679,-0.2176797841668639
4.761850401660109,0.689382405892939,-5.716773681787547,0.8718525305760014,2.436129363185831,2.5770668390950977
0.4940961914900669,-0.06592789303156474,-0.208731590885353,0.25563439135269816,0.894354440188746,-0.7450829604593344
-0.25368467663178784,-0.4025928970623251,-0.00023567683371900812,0.3892535261290765,0.6840444050868151,-0.41517486159587647
-0.22163638902526103,0.588224745358816,-0.7072705483307699,-0.5760461656073854,-0.12338629851723888,1.239016558770841
1.549317039692606,-0.32757299632496417,0.1111118423062714,0.5000653925507252,-0.6857698669020693,-1.5216144168250347
0.19339893966693486,0.4885408490602563,-0.03961049897552624,0.5829774704666624,-0.7610217985971824,0.7403694641385867
0.378459477733626,-0.5924107818246106,-0.20441694058380083,0.029470079593412565,-0.4026388778418147,-0.9172181741831948
0.3659918119241467,0.01918077187676456,-0.7969259625508852,0.2792906356241889,0.16499485174406742,0.24219843272195332
0.27007645369877475,0.040043108340334956,-0.33166992678073837,-0.1513894331399409,-0.7067915452897315,-0.2270291764172148
1.1808491896533018,0.3121384958103901,-0.20090571167835702,-0.49983650420130443,0.868938221040947,-0.3940205460859173
0.36433187199265393,1.2917009017278231,-0.2821704412320891,0.3077453608020302,-0.42168708701922974,1.136761432380571
-1.2696240244832842,1.17825763898552,-0.8076230452367978,2.329765628963411,-0.18376212475648224,-4.460875901087121
0.27871362423611795,-0.11774114011031687,0.355986480115882,0.8099294189318579,0.5255172012475582,-0.6953602317662706
0.18788928184601486,-0.8256041640232189,0.26211688775814473,-0.8414949358157016,0.3103129873554316,-0.6836613756437804
-0.9091804432592562,-0.6555093656275566,-0.29303511525154313,-0.042821480529041646,-0.762648363475735,0.3068829243551031
0.2861817117945367,-0.8184730236247996,-0.18241186436088327,1.0978781511974138,0.9043043384362519,-2.0641966223619157
0.865001123749396,-0.2548748856006195,0.5467967770530963,-0.605037069612509,-0.5587331364372891,-1.1589435535197856
0.9794702758155156,0.7620165418533197,0.09463308348089043,-0.8506306454918034,-0.9170647068353441,-0.988581657006195
-0.8735873702630143,0.054182285878901996,0.9440205808500443,-0.5644661235317727,-0.6830274581068684,1.433398651667027
-0.007294233680424606,0.2089821596529871,0.0804814215584949,0.360233371153818,-0.6915186831838048,0.4718617590086389
-0.6702612735244934,-0.15539703325947798,0.6458076441795483,0.03875448317479992,0.17931288725684652,0.9249825752735331
0.004125134761496447,0.4681807446873405,0.4684318535960513,-0.007074681634018495,-0.7829686104940435,0.6779447577406013
-0.45142453334576094,-0.27330851994616984,0.8695778169309545,0.45651439168383384,0.39331100688857173,0.7547294580457032
0.14014198245416926,-0.4559222776271027,-0.7721340302655384,-0.32996602599701935,0.5167797255042046,0.17064645295328426
-1.077667217201924,3.8342616828565994,3.986604052355542,1.130171899679155,-3.618999855171243,3.303651349349277
0.12487887283141777,0.5074478910450408,0.8496125709810527,-0.6167242032728033,-0.5354577964600237,0.7741807560746383
0.020252713216025172,0.836807542542711,0.013556307875053823,0.28507093803204714,-0.20438585863248449,0.8750030712507367
-0.40596557854726856,0.0919557486592105,-0.4281705802408001,0.1460461731394094,-0.029200944007303754,0.6855160591145474
0.13804596155644058,-0.14355353702573354,0.2167828806405882,-0.4825090858159097,-0.20781279013855078,-0.3348762406339483
0.6346407666401898,-0.10668112744614403,0.9629463510779783,-0.6060926986214732,0.015509476034353379,0.1953439611519256
-0.1315924646900533,-0.009033745617335302,-0.5834315031963978,-0.48723430454682787,0.9691277182490097,0.9351433078128367
0.27090327722511204,0.04337002718048156,0.02515267258990712,0.2359628103893292,-0.017301432141740736,-0.22281809855429
1.1724291300631382,0.8140563312745731,-0.20137807247681622,-0.0355082124673034,0.7584866668393615,-0.2908871649943384
0.9974579243492285,0.11491956716820917,-0.12851447419039636,-0.12212489936405549,-0.1064975825799914,-0.879028393659682
0.3410229751363001,0.5938253037067833,0.03716073100198033,0.8573983708781585,0.3313005861494922,-0.029873334336468826
-0.14109945620635242,0.13420055584188909,-0.8221431315896173,0.7252429877949074,-0.20108649911473944,1.0970559142914158
-0.6049493869554888,-0.33494703884388916,-0.43156813660328835,0.47873602428925877,-0.6064025868664112,0.7465601681979819
0.5134438475265317,-0.18747113847756067,-0.9578293679243268,0.12131407569259538,-1.0030503496823235,0.3382062380990687
4.442177724415075,4.603217579686671,5.45183379835246,2.87836583764169,-3.7834445094109346,-0.7838601469583368
0.3808520391359669,0.035166704346584705,0.5216031017385846,0.2745333292720374,0.06606846567381984,-0.09175353488739901
-0.2697393412242861,-0.973670951608689,-0.41126592069915324,-0.4993262316870267,-0.4074570949197072,-0.7382459686362812
0.10183769600752077,-0.9282603501992872,0.1890947280852321,0.6180701575858348,-0.3449859017675149,-0.7811157393468408
-0.14991330634612562,-0.6448918466001122,-0.28066671705996304,0.06333830245689953,-0.3470672229377682,-0.3942220854494607
-0.1460433446481402,0.36609515039510865,-0.15792935202957467,-0.49276531310786204,-0.5643661955011561,0.2589800902421101
0.273742630268395,0.22029706394635426,0.14573299861174202,-0.1821655990217648,-0.05147024304302377,-0.041583567093399
-0.1540540153164703,0.16726189659477395,1.2170714767505917,0.21968499771285951,-0.1502815221757473,1.8355934872865745
-0.3063489235491954,0.01787116775853473,-1.0979813057465653,-0.4316413446641937,0.2675496815197088,1.6452685433723064
0.2531690185363814,0.6920209085267994,0.06892402030382394,0.6786711023392136,-0.19437580166756863,0.5755196501510571
0.49643185272499796,1.1539036015237747,0.14299545648386364,0.37796264180929184,-0.1340419719150259,0.7285823071921353
-0.08329002195941583,0.055438240068727315,-0.3473863220054967,-0.1345877829694904,-0.6496125750053904,0.1719756024855725
0.4067530042944357,0.1527609406476666,0.17693005125428699,0.3309902973760137,0.21171535412899248,-0.29276354863214776
0.3747891797152326,-0.057071496816582426,-0.4967933973205046,-1.2814046876801723,-0.7112644243302433,-1.0964745644274791
0.20768924913368952,0.13314647587956244,0.36409993135958024,0.14974872351626634,-0.15227106838100998,0.08082838488043832
-0.23582351128785453,-0.3428659370908853,-0.5959956334079398,-0.24792304655545055,0.2354813974448893,0.3065496346999725
-4.9395141646595295,5.561869485354968,5.871641324225502,5.028925044671944,4.205828280639986,-0.07568708965927051
-0.9950435813808947,0.41436166125676377,-0.29902528019987934,1.148899330561479,0.328590177392538,1.1213043260009103
-0.5924678937953733,0.3217754022023629,-0.08346175654957155,0.3016403412785809,-0.767723713625497,1.1527856037897306
0.9250067262864047,0.22605414905221416,0.6312139171755516,0.013108807309201574,1.0982571801041716,-0.31491840974801893
0.1760226000480519,-0.2808807538973557,0.104976044955683,-0.002805888448823073,-1.2036314813126516,-0.449260639600925
-0.03062918390511604,0.886570312410184,-0.41080321984690266,-0.5663176774166917,0.2384356796025174,1.220989122037651
0.07595119863542873,-0.6607492556597839,-0.20235877543459424,0.2591608680545006,0.07381630227288043,-0.7148816772734373
1.0267611489985886,-0.4475225877429826,0.21937053726508177,-1.557397522663148,0.46968386450030514,-0.6946758171139715
0.5458449116272462,0.14390544599813276,-0.4801302955606154,-0.6840355469768645,0.10781855601592509,-0.09766263997538054
-0.1316550324129531,-0.9497479472869083,0.488051510318397,0.09335563369813096,0.41462184797328966,-0.6186059235125234
0.6283880417339222,1.1595909862650846,0.19977482283479223,-0.9655474667006809,-0.6268605360356263,-0.034150678173994864
0.10317492044114616,0.13234244417234634,0.9430651930776043,-0.48904672659241905,0.25111795882724236,1.0413478978787318
0.4620630199285852,-0.21452470281201647,0.5230984756615373,0.599361028473969,-0.14785146306904626,-0.314339302534733
-0.13827002567384686,-0.14510553393337752,-0.3720607081718048,0.8660482096775792,-0.10004384744654124,0.21823645727610813
-0.17321894649432532,0.22765982977862334,-0.8343313535068161,-0.4310427475049064,0.24645542406187076,1.20322040684258
-0.34073627681574303,-0.7317304516146499,-0.4542126738169478,-0.5133359218768258,0.18045244141641745,-0.0920523013735453
0.08545344833562074,-0.03901465400969907,-0.07287755689286655,-0.5162084159079537,0.4021798256293208,0.08845164665160195
-0.14182835305746025,0.16509086285108507,0.7310890080804899,-0.1025765885181597,0.10645370669721811,0.8523300117127734
0.3648885140975755,-0.7224317777262074,0.5678352801302347,-0.08483962402841724,0.4831059460006097,-0.7238968596386164
0.31149584223256754,0.05463699577331094,0.30608477983119553,0.30204587965494034,-0.6037349421065307,0.019184697652046362
0.11383194766322736,0.20651313982429445,-0.2769164071506168,0.586522928977702,0.16069259943288466,0.07511399462585712
0.1964271031160078,0.3208734734793923,0.2892846358966332,0.4499015178465745,0.7672121584629886,-0.13703794367361305
0.0007754026050294921,-0.07663604997677274,0.06470037988039269,0.6707157713145021,0.020932218138322887,-0.08726488225910375
1.0299353958148039,0.229837799407221,0.09361296767531738,0.5602692316753765,-0.5543180698459642,-0.4807668495942269
-0.4483056309816455,-0.004563283266316682,0.2718389654076813,-0.9991038679436167,0.3934532364818225,0.9107394212531708
-0.6829187270919281,-0.5249662223361223,-0.08425414814718807,0.06798099313071682,0.17850289616841386,0.15291646207757612
0.7154627276313718,0.4204973710342203,-0.469187816554029,0.14154171858007378,0.22995066967757713,-0.10737576236921739
-0.016209705737822242,0.3438882131814446,-0.40603142719240487,0.519242207417219,-1.3873873347406669,1.2453495010206042
0.7063184129955159,-0.5005280806578051,0.747651865992679,-0.8156787461029318,-0.3602191367228344,-0.9416862746953483
-0.03706226914972198,0.2981945913757702,-0.08969628106563489,-0.045397533887176524,-0.41253981445782173,0.3245739931558391
-0.1586722645683183,-0.07145524694952808,0.6090941627560555,0.20989408307381932,0.1630653133812722,0.42398627228898333
0.3742529639132031,0.25238910617936094,0.3585199031737388,0.4454309620945486,-0.48272407412342455,0.22169291200086205
-0.23728665692691667,0.12461792444377003,0.6984050547105564,0.39715847402607024,-0.48328250576582804,1.0416139443293937
-0.08819657169516677,0.4920444221143223,-0.1626478434609986,0.4629015480658946,0.2738677199315143,0.4799215232704278
0.22398939088872286,0.4833366011081088,-0.34892300352229266,-0.3161320499013738,-0.15190098316643508,0.33307370341596454
-0.5658747352235132,0.23888970109337934,0.8843043198771847,-0.40132516570848115,-0.1341014898951966,1.5329402638163987
-0.39394696945201324,0.22390083348637108,-0.1852058738997168,0.03767141076835814,0.23764704867712919,0.6431965190767379
-0.5013627909781286,-0.3829521206126127,-0.42910744336677487,0.33243780386024463,-0.14273287125501663,0.3499936705769706
-0.5264373015991559,-1.011640806342048,0.05934567725811831,0.2982145140802544,0.5086534701085539,-0.6333694427573249
-4.026994074335255,0.6756191860408567,0.44453884996273274,5.6617163468049725,0.3792907677247843,2.0096518163432116
-0.37228029211510755,-0.3285732167821162,0.18410119818138618,0.32837924479890096,0.1248025096969357,0.03661777262152611
0.2736969845261774,0.2392782450148836,0.08353895346356778,0.2319622178977142,0.13631101566533652,-0.059058988283127195
0.4011823484824863,-0.8238108138868055,-1.1030945019869636,-0.8095036393078437,0.23241202006966513,0.17996269400985693
0.1589932175213197,-0.6191574999339755,0.07129007670851824,0.010283372258641161,0.2565440008010301,-0.7757065798791468
-0.33649821450400896,-0.5297016782979518,0.31983307720570603,0.6055893975863593,-0.24222604623771,0.055779258901748716
-0.4554461540515824,0.5551478459606587,-0.35202731413423544,-0.05948390731359629,0.3769108165624482,1.1569373579866973
0.22463718562335264,-0.1656965010743062,0.7967605703119802,-0.01806888163270781,0.34029967060316524,0.2506425541739912
-0.41197444387819687,-0.026055606442404806,0.8962995660145914,0.19805413061026905,0.38080711043373416,1.113851328286575
-0.7360838252014429,-0.02193483565784645,-0.9271383482220285,-0.11149930770447836,-0.7000126367075077,1.4956835819101941
0.5857971142978787,0.10683029422483217,-0.38342505665292553,0.24597036160533498,-0.36606315784993715,-0.24191135869700753
0.34673861167067477,0.4687832079912839,-0.5291040685850703,0.32316809848261463,-0.11335495655200599,0.4386284174763751
-0.2598865872190717,1.4484210346810715,0.9433925655974384,-0.8516389867464033,0.5098390415743927,3.0324959594948333
0.3439792890868459,-0.03810955016938247,0.26290118659176687,-0.9101539091398919,-0.9849804646885462,-1.209455625707577
-1.00123079421727,0.27109280884329073,0.9653182306719671,-0.11848550753349277,-0.7191623421157862,2.1189525744236537
0.21549263128578558,-0.2778600238243925,-0.30872697594145415,0.12735573704899583,0.05013351503720574,-0.4044251001946432
0.647959966993473,-0.6558147076000052,-0.6825695675935133,0.319700426764793,-0.6129087081769125,-0.6419262844166655
-0.6949761790921903,0.9192763238255445,0.5553243205138495,0.32997209266745353,-1.0399477230033098,2.265791330296059
0.014911190604936434,0.9754593824210419,-1.286928557935715,0.3795324431843892,-0.09361171960474404,2.652261989698885
0.5911200430664526,0.009696852217145845,0.40756198088651646,-0.28591422272765726,1.0291966506140227,-0.12105446219094901
0.009795652985130642,-0.7730672831606271,0.7508865502808761,-0.33524201977060736,0.13290287650575228,-0.17447769599993102
0.026728252100800688,-0.13053790755843558,-0.0051398018944940295,-0.051665474269082794,-0.21461266446225516,-0.16832780718931556
-0.4448640569983785,-0.16140266873314651,0.38286804056036083,-0.39062167451667057,0.623503634338939,0.6736033584604683
0.052558552354864466,-0.5190746417675796,0.5530506259808861,-0.15348817713754512,-0.2348896560313028,-0.3018209843573038
0.8455806264607264,-0.7949045612129227,-0.00041364489352153027,0.4316600908804313,0.4828992141755776,-1.8489333352486697
-0.6071431588205782,-1.192881145731082,0.3029581595796362,0.3103093154746577,-0.3870483904378101,-0.3738496193622985
0.4445454335022306,0.29395768076100554,-0.1622810283190748,-0.21724807148608255,0.023588193108377,-0.11912813112629249
0.5259087369929454,1.3256994243472016,-0.33277301925808833,0.22831895832504343,0.4449642709882598,0.8089347908564983
0.9913075402071969,0.04455485450097369,0.1108008159067151,0.00774237502855609,0.20598386585794606,-0.9360706692399334
0.14888411413842176,-0.027196493474336576,-0.4405330992880881,0.5941688227011344,0.36629411135793466,-0.1996517369522921
-0.726219523134304,-0.6271250710148044,-0.5557454405400835,-0.5890674650727551,0.10240432287490338,0.46827050168900236
0.7414972660605118,-0.09804636672549424,0.14834112091863175,0.4494608644010519,0.44967657336459493,-1.0196505659959638
0.5025727509646907,0.6472240027330811,-0.47105430891271177,0.011071031746843355,-0.1399322384802113,0.3680926079682442
-0.3133293271180636,-0.3412509031789376,1.0244497128055807,-0.25061501759750243,0.555441198789878,1.160777543815666
0.19927422641527912,-0.03454229666274976,0.5788546301267872,-0.16188714762786674,-0.5750705770198595,0.00815962434273422
0.020158522427930724,-0.009991460736264217,0.4545810443614986,-0.22655545359358398,0.5590006905078179,0.30313859772572116
-0.09207809014172089,0.750593368468965,-0.06832360839658755,-0.2546926055938724,-0.303900794357039,0.7699382889181742
0.08514576791703925,-0.4628283063216809,-0.3223725089923884,-0.34690384970788235,-0.23937556887612566,-0.527090346053815
0.17464668066294234,-1.1316830034885523,0.464679178969652,0.022583398100517692,0.4935768334738614,-1.101549586907118
1.732445959365764,-3.5435254059521375,2.939485506386756,-4.732593523169008,-5.9122860753129025,-1.986132101364812
-0.10896073004035645,-0.21058119249005341,0.2709045962667744,0.17541373802480525,0.47296191068519033,-0.11119517886787626
0.014437220497261838,-0.18341012497169817,0.005919087154290526,0.7913974207783838,0.5446688023433169,-0.6288617952291723
0.6891672626785962,-0.34153215751716753,-0.5991671462325113,0.3057471279397376,0.4899973423461896,-0.821513431191804
0.9262004877525203,0.5251040070814851,0.29710461649685355,-0.5337271561752114,-0.40739618432796226,-0.5302637344252883
-0.06014224991638693,0.22148777761813362,0.883071680936323,-0.4529614739170327,-0.15733479016961338,0.9901790227525686
-0.07377271241978663,1.2692582781486803,0.12468155841044479,0.5561191241626636,-0.4687695642606522,1.6192682010868715
-0.36386313313468344,-0.5287102125039997,0.1889993799943637,-0.06712532056235046,-0.017739808517454013,-0.13031710406451125
0.7644224676415888,-0.3271376928974063,-0.3626113324987788,-0.5500992406815415,-0.024657939838133285,-0.9736374960641835
0.14844077888099425,-0.06669048952372436,-1.2783287570886808,-0.5975783063743428,0.2544526784025102,1.5710485434073602
-0.7585715646357993,-0.18869304511575985,-0.016113584562502985,0.2684175676173678,0.33694577166344336,0.47969600267863394
-0.6056523043872218,0.21237550536893174,0.6496230903863166,-0.0323579226154998,-0.5860587313135329,1.2210743262432409
-0.32424944811445383,0.8467391239097392,0.35904624011920844,0.3177080857318512,-0.08946780252348412,1.3283274188423047
0.46547802739467503,-0.042252657999280845,-0.2538124567292629,0.41163155200291585,-0.09131885759518606,-0.4057201991239722
0.6933998904989648,-0.6766775609092412,0.22164222827825247,0.40278297352603887,-0.09468491414537224,-1.2828147027845265
0.46699736952677945,-0.45343730771290236,-0.5287191683806646,-0.05286989289740001,-0.3889308947149458,-0.6614534529746094
0.30426071574568475,0.3666328096119858,0.04576811687251822,-0.25688818374422057,0.6240489124486547,0.22477760607484853
-0.6072708586450176,0.9341954282830969,-0.25414254484473353,0.3572039285256025,0.006420382466986272,1.6037613341884274
-0.22942014566924404,0.10592810969590213,0.1382484590578354,0.8229709851048438,-0.6833881455323266,0.9168695071347235
0.4253863199508813,-0.5424552545506074,0.38016559964323826,0.23603056218763427,-0.05051041956765752,-0.8113936886224983
0.8964365884128449,0.15661262805140377,0.641890227291141,0.04055842694350443,-0.5993170249240742,-0.303493540698187
0.12249613288075617,-0.32148292346380714,0.384252257201509,-0.16606519224806984,0.5856166190220046,-0.19907872275855482
0.3252335283931797,0.05461597577402868,0.6299034228958763,0.8674204665342051,0.23946676612424858,-0.08155760443414298
-0.44910949664749644,0.8663618223458676,-0.19577292258127046,0.13140992414736138,0.4998356906070471,1.28811498602056
-0.261624842895356,-0.28872355844330444,-0.7323450731782949,-0.09555687358824409,0.6872474482703452,0.5749018081987863
0.6295304724994663,0.07564379117030971,-0.323686074605825,0.6844463909201087,-0.34624962030950507,-0.21212470345713008
-0.49741980908612615,0.08569300140592005,0.6933277139239044,0.011489650792075484,-0.09616693050530246,1.0649210538362455
-0.3473272836031649,0.8371051599114122,0.03224554388201365,0.5094831687502271,-0.14324449300582784,1.258452876817453
5.551895252588533,5.968471204181862,-0.16781371128154454,-2.144500938791842,5.681267976982122,5.984622435706628
0.31546938400866814,0.1652290943824393,-0.1449196507644969,-0.7403157283229167,-0.9034752907089093,-0.7980955523114501
-0.056201235027240753,-0.33082403495218554,-0.368082190576081,-0.46483864263160835,-0.13032405417543708,-0.1997179573508167
0.6699128514170615,0.9729364012172823,-0.5239393701141837,-0.09598322363333339,0.0999099309523004,0.587125690601654
0.5793841901437293,-0.580097876246423,-0.19840462700087894,0.12986448845480297,-0.4926401321978283,-1.056141211614617
0.5970494822947771,-0.05480900993685644,0.19052065511209695,-1.4703530919024959,-0.4885143996101083,-1.333849030112905
0.8341872014469385,-0.5589527044956556,-0.011876943413207214,0.9860345126075993,0.25419556819230554,-1.6436444473472651
-0.3569668200672958,0.06557126662815937,0.26880025162265336,0.07378548414567919,-0.26619965405965196,0.5144333323220607
0.08190755173569193,0.06126405176335545,0.5203816203671203,-0.38467827236124386,0.5845116055512688,0.4750024454421321
-0.7183377986016604,0.08173027990811141,1.1028548463974228,-0.7137022071903508,0.6811109869540211,2.502467305462738
0.6106079816267342,0.5074942583913492,0.4140649911748506,1.1331463541050957,-0.29747783506671444,0.40542201791416854
-0.20931122282650214,-0.43896902227567247,0.09212126801598476,0.035141247796532805,-0.6330957849977134,-0.19892369556875233
0.682213911127348,0.7161597206766981,0.30012151713563007,-1.3331949592456276,0.458822387607466,0.7357184289444596
-0.04813247370197855,-0.22831508868496467,-0.5904891201083228,0.036462825650467566,0.02581189087807345,0.167553611506519
-0.008510478750815974,-0.1577859097160781,-0.23307925376449293,0.3402108332342009,-0.30304471125162685,0.008149601292284592
0.04086505492663133,0.11190467952311889,-0.12582240682249302,-0.7315076877037175,-0.09715288790282431,0.015802818271558994
-0.6806750812888461,-0.19205923117543122,0.05640640093016599,1.215101515924643,0.4050626951135626,-0.0003947626977018337
-0.2072703130355183,0.33505234166660575,0.41921093636794177,0.10274346722501877,-0.7132448299455407,0.7913417106815344
-0.4123025616199137,0.16298357881431197,-0.26677932906165697,-0.8715488819113547,-0.41820455450490157,0.28197163895983035
0.31142583220307846,-0.46705586560019036,-0.5288446914996852,-0.21057893965831356,0.45212424023186376,-0.40359714697402516
0.08200924142159444,-0.28096867178540064,0.24623570272545803,-0.2441375349698688,-1.418732956471984,-0.6487118586838793
-1.1146492085493167,-0.6622612116988003,-0.3494231420485067,0.4446722322864667,0.5999843520886721,0.30768814786934817
-0.9331124441502069,0.07455724286353183,-0.3785049446004549,-1.0574658731585056,-0.05427986234349262,1.0935365780727473
0.36259655356835796,-1.013621930242609,0.16848916572449882,-0.02234916184645284,0.14603703589043088,-1.344566079493738
0.8031501068050878,0.6908312745981172,0.8727822573178914,-0.09922993121835647,-0.2989354102909519,0.6197666962800411
-0.5408737619571752,-0.08911493441596292,-0.28082916429572524,-0.6151391305977183,0.13787383258861913,0.6154354365709862
0.29062599488641755,0.24788740962302944,0.27113736468755284,-0.8894552109984596,0.7661488360012126,0.7122319598480057
0.5849046929792103,-0.1870286148958576,0.23074525733953885,-0.436864031704089,0.19671226963295924,-0.6327534188928614
0.8442796450078098,-0.22554623298203821,0.12279001488410782,0.07779292612608756,-0.7101312199363279,-0.9995053047022733
0.5131298437008931,-0.2542479851740749,-0.2555063895169321,-0.8792404513108417,-0.6557807260660196,-1.2786832553382284
-0.34019719519371316,-0.034164746117230756,0.3046078573931904,0.360617967884226,0.2904874422459913,0.2940634047435168
0.5452178719526981,0.37812463856840367,-0.3658496565861096,0.2288146612844532,0.35924995005079263,-0.115448917797449
0.19232438919295292,0.10694087321843174,0.5242603418728035,-0.4422010219575361,0.34325075187721926,0.3412512233538666
-0.5460836595615957,-1.0346489128899408,0.4710858275757563,0.4664985360586778,0.6190749216860201,-0.5554409410627789
0.1601446665701656,0.0945252393168101,-0.2197389698265553,-0.01174096230823434,-0.05211502005000244,-0.017946092879019666
-0.21915254995814126,-0.6479372138274829,-0.09081637579360283,0.6002383231751017,0.5240389729719568,-0.7350853241721466
0.6417531590275124,-0.2688792790910484,0.14522749525726616,-0.362801775200044,0.24901634474377995,-0.7991978408129922
-0.6091509432158967,-0.3150862716219374,-0.3680033122995098,-0.05066644437164607,-0.7252983469695466,0.3927428211077904
-0.20699850914578358,-1.0908492370843725,-0.3448269694185457,0.3848442305668762,0.7771024847707282,-1.064008496923409
-0.19104487671834433,0.1425508927293799,0.3753348576293139,-0.36667901218800686,0.5926443022100644,0.6917822521125786
0.38867967817182636,0.41223520553149007,-0.39726504919741257,-0.19692649449898028,-0.0889276994500407,0.16386282655693094
-0.14422009138333672,-0.533856532677653,-0.5388004487781819,-0.39838688150970614,-0.7430212909301933,-0.3953404526797419
-0.23572142809164282,-0.9125563186363846,-0.11841166728799103,0.22332909312881946,-0.5399343462478758,-0.5422305196981799
0.22261192749762096,0.3310912360230901,-0.42801105239527243,-0.5863801158888735,-0.15240041939459545,0.20230819391186194
-1.1284886062648418,0.8877291881960583,0.29615723777158703,0.15094609568398373,0.09250149761098231,2.0899641640360973
-0.13083238636641717,0.42193145339033755,0.21812685535538814,0.023561222286295428,-0.10381890408186889,0.6027892650605776
-0.2792068725768124,-0.1966420988098987,-0.11218060658763794,-0.2261212311942259,-0.26482517654248244,0.035266667290269775
-0.23557189340676077,-0.5358673980577227,0.8939319199626486,0.3367765901772104,-0.591924931658728,0.69816523300205
1.0874284844686293,-0.04091066564483227,-0.0909078537234188,-0.4133280136703655,0.1742529665427086,-1.0480512797075967
-0.09308669854231927,-0.2668860777919925,0.722183950744295,-0.4030832451540046,-0.14518304405886653,0.28922942692238024
-0.5598865195346995,-0.427938552003837,-0.6160905375471227,-0.8108560477963681,0.40608304242074,0.8407904088403713
-0.5860482732449985,-0.8801382252016517,0.2392894761835384,0.5897943179507734,-0.28570788173861855,-0.06832161330127226
-0.17018878404986187,-0.7432808429088202,0.4286665802337799,0.31236090842430553,0.9939503036973888,-0.6998082416411654
-0.4945458536415649,-0.6830793309457017,0.20938282343607656,0.759437640271016,-0.3871542551175841,0.1493272033733074
0.40930894497469933,0.09945140032831003,-0.4441100274657756,-0.33587321416898885,0.0888536051151383,-0.08278028221021375
-0.5435726047704643,-0.03627922234979952,-1.5164390434531079,0.4192880601116582,0.31147147078363174,2.6762844861646475
0.181904808693908,0.15077106818124297,-0.3334096055483289,0.22786559989637536,-1.0129451920785182,0.31084358841434795
-0.037627177375531826,0.44284904375029505,0.6511453585846431,0.7000875627765553,-0.02319364918441007,0.9207040844615584
-0.6168007227676686,0.13277820412660177,0.2597372692776908,0.5028825342385308,-0.10670773118698598,0.8707038302282575
0.3727793358593967,0.05566744398525655,0.3024159895572967,0.6564167266200426,0.6154671094069646,-0.6296593664334404
0.8828865907570772,0.1310323506629746,-0.5991135021909781,-0.3394660275830941,0.37803397140935974,-0.2645875610207671
-0.5440951302985134,-0.056072919145736276,0.4256271883315985,0.5780828679469392,0.2899493023777259,0.5015659903221091
-0.5430785317692889,-1.0492440275205315,-0.3173651623243912,-0.6066721871676524,0.583714338202794,-0.05132159525544766
1.1391262079016575,0.9389232123079734,-0.3296423777119324,-0.30173106944556544,0.7674979814865472,0.14003908834114082
4.531321170729509,0.46988623060209367,0.30591939800421564,0.5307153085066165,0.19702773335259138,4.63622831428388
-0.6088236401073005,0.7615086262241852,-0.6987176312249076,-0.70754348582605,0.5101396235270703,2.2194845620043635
0.9258764331492984,2.181625636982316,-3.3968403453375484,-5.732763019917172,-5.532309913022887,-0.5194345244753205
0.2861905244518142,-0.46549115585699646,-0.4857593373616304,0.5899794681564728,0.10588604928494363,-0.5781901415171214
-0.10667584373095954,0.10592943839265237,-0.6187516195981229,0.09711530665236646,0.12179961886854496,0.583630241542352
0.46428517359145016,-0.2202299379933823,0.25617275139332135,0.09252254463841142,-0.2907057432457648,-0.5919937979223092
0.2590641594893041,0.5598532589801049,-0.3135276305098188,-0.05885375105413662,0.9396581167889684,0.454391079465399
0.4289932001317382,-0.29275777845273027,-0.24346223745048787,0.5410187595535455,0.44409009076389,-0.902738187555172
0.12223628482753288,0.22962677476274365,-0.3277524199689342,-0.522672868469669,0.2251562263805778,0.3324951894268462
0.8575188540274928,1.1792870783122975,0.10134922731322217,0.7665615292828214,-0.5474930667900381,0.7517270127121053
-0.057843614951788684,-0.5454196530457854,-0.29066466564655524,0.15739681789751997,0.35269166691527126,-0.45860263631000875
-0.042879071530850556,0.027612823823722137,0.1754475953517143,-0.15122631278998716,0.11677229011940306,0.11893279694007156
-0.1852444341072156,-0.43669711047257714,-0.8113685472956721,1.0740660643130346,0.02837975334571613,0.37638451319311983
0.7285477978476359,-0.6353172552432074,-0.8236644790194567,0.49646206319495495,0.31721581546741245,-0.8429274973174721
-1.0893374445879942,-0.9674057674925238,0.24282644634983605,-0.1257929434613377,0.07849628191892596,0.19077063849571285
0.06495489157643472,-0.11325612131491081,-0.18569009445117649,0.2621743525592681,0.21231100923063959,-0.1993927031003064
0.8145339532038676,-0.795246998137375,0.03338356369196574,-0.28719170410236694,1.3549729096041605,-1.2195295100947057
0.4551063997894461,-0.3904553042707411,0.632969730081357,0.8220736820163246,0.8517696900909533,-1.145128470223895
0.20049886598302682,-0.4595234587330681,0.4744146312690865,0.37991492254862835,-0.020933514853743507,-0.42700012767958107
0.29067036470420843,-0.5665500403055262,0.8871946122936583,0.3765231620013206,-0.025900115883950425,-0.06035413139801445
-0.04394152616900515,0.5616303632799705,-0.02712487525940241,0.5795805344441767,-0.6777263087517031,0.999104624540005
-0.24004002689927179,0.8464892186388733,-0.5579529474459634,-0.14476816620768213,-0.7438417016872573,1.2901561379997168
-0.17577494477721156,0.6440865216178404,-0.12249517122157133,0.4712305866513984,-0.02292027003081559,0.8456672656604838
-0.24993627614835426,0.6763432172148525,-0.2819880713360054,-0.512505854156661,-0.70597300925338,0.6439814656200549
-0.13253550943274295,-0.18677626471625858,0.7338176494119193,0.9720579608532962,0.23970782488401354,0.2512376878475856
-0.13289145254739604,-0.24021913183628124,0.6405671456818423,-0.9383261036537239,-0.14172700120338605,0.17001244401639745
-0.9438285911834393,-0.07512979314907019,0.512890880122866,1.3383020727711763,0.2819721611032822,0.7543919252792864
-3.821582919247793,-5.158368786441153,0.10081118575687764,-2.0177791820246633,-3.4260261558370266,-4.864117269426766
-0.1674847305478423,0.35917540375476614,-1.00973109233933,-0.07901452451557023,-0.29210756403609717,1.5231362728596711
4.0551663440366035,-1.7386503551908268,3.9214208666689583,-5.68845276921666,-5.973125074159762,5.093013015772399
0.08126975316247471,0.40168619444943576,0.04556701225146624,-0.3248641924018011,0.004481520780413677,0.3239486795215473
-0.614538724400092,-0.1660381996667321,-0.45935380539210907,0.47612021592587306,-1.1442250216897119,1.204295107656264
0.09615563071012155,0.5825833784526235,-0.4085423499050801,-0.4256876588149874,-1.6545780892707167,-0.050998873739759754
0.9897024042298018,0.9005096577668272,-0.6097909286379902,0.2387542878129716,0.8234749981195332,0.08604404347839062
0.5877769285395166,0.33775360825458534,-0.9011409695631116,0.5494889476083333,-1.163964129412107,1.2016171512647222
-0.046489456689784873,-0.13836215233384977,-0.367947064928062,-0.7829293314211481,-0.018266777717116107,0.02921075087983014
-0.7222585756723054,0.3181562369827234,0.820625165313899,-0.25881434077928767,0.17982074911300158,1.760380663241612
0.313425298382906,0.5685488982063288,0.9826466653235034,0.3864069016272855,0.18460753049873221,1.1493844448177446
-0.5165899197474192,0.296621293749511,0.4994778032343691,-0.11225873656874916,-0.18566592923173397,1.0418466667813442
-0.052200840272817926,-0.4556488796577102,0.04078966073310258,-0.18866247734707325,-1.0375371353062308,-0.5975285692486297
-0.7562932993850203,0.5107860426131597,0.12843189750991196,0.8934942021062041,0.4609678498831332,0.871701993068234
-0.8408728562011722,-0.36512115738775386,0.7325692484989651,0.397364179081082,-0.5832290465580836,1.244163733961552
-0.30078423762098655,0.12840164348187427,0.32155771368003444,-0.19589916575636065,-0.29756182272880827,0.4742931314964763
0.6464129325414077,0.3974420484909513,-0.5950380984115423,0.023951235145622522,-0.07649295808518061,0.10693155533685032
-0.7283879601013029,-0.5125013846213892,-0.1146933246002927,0.2091189787426834,0.913506130523121,0.03800966509760634
-0.2865868243494203,0.3595976670591757,0.35797697158098285,-0.33020027038857297,-0.49220282510176294,0.611806497656266
0.1332680911013248,0.21381252012425592,-0.8397614048275867,0.05974018426376799,0.8278386887585715,0.7362884102538199
-0.11599878908901572,-0.03014379960045834,0.46457264400486115,0.608012776105804,0.5743421130133696,-0.04752461152150739
-0.00955876713565257,0.35437288647076115,0.5761690139223918,0.7326024701277928,0.03518015854976646,0.6701293151576688
-5.080047600042633,4.118696330756455,4.187269772938338,5.657581097224655,-1.3754770272583432,5.4538575013039825
-0.38543746938402673,0.7610396142289065,-0.18895151360193777,0.32963571665826563,0.12227063101304707,1.1418749910251524
-0.5691068581821168,-0.9212705600946427,-0.9464959372056497,0.2889741697459998,-0.4380528801040395,0.6702768245671842
-1.241198981101428,0.14506447234359185,0.7906074772205551,0.2838025030260964,-0.007194411946555375,2.013365428600304
0.3612982867465892,-0.2847650093948531,0.1266693298436329,0.26972188170961847,0.2946581776010164,-0.7094939351420804
0.9763936395858772,0.43451052760580755,0.47924229535161433,0.16706442207588326,0.32382271326164463,-0.36630918877228685
-0.30884058507046763,-0.025516110693202494,-0.6107036767113253,0.46316774502340974,-0.017330503340640988,0.6643103852784015
0.1124941480933511,-0.046134095543534724,-0.6534878505491821,-0.4514413184827291,-0.1576213369568932,0.197261343001674
0.5481194665787604,-0.029728232929656272,-0.1622658756260717,-0.09857788302933702,-0.014927481368889765,-0.552989004628026
-0.498140498206283,0.42963006892618816,0.846289840012546,0.35519749525587513,-0.42249622421700256,1.7940466610378758
0.9028140531402151,-0.6455046778769327,-0.05992909588977629,0.15269033487091493,-0.1014854420683783,-1.5292313883490383
-0.23273295894802698,-0.2846331504283319,-0.05375248646714237,-0.6616298944833295,-0.7303176339367917,-0.5322108407598191
-0.23055281559254112,0.9457259564219318,0.3748409447246487,0.11605148335824943,0.3253230019681406,1.2790302889075789
-1.4473348367911867,-0.7548423368102964,-0.15495196133216702,0.4526904797852582,0.27711249341167954,0.5910564227045532
0.7252253560763933,-0.05955145212160439,-0.7273730732741631,0.2504478253097983,0.24730942909032505,-0.3176433291679763
0.2440215982485376,-0.12222815541516473,1.220537283366358,0.12091219297368565,0.07600613458455993,1.1142714380115544
0.17422630913487344,-0.7758464546807796,0.23962735503835192,-0.2683026330965729,-0.9730783300331943,-1.1537309726900988
-5.938445411226517,0.5184301833648721,-0.29284359591296205,1.6364841308582712,5.738449608984073,4.903953093973053
-0.36840348193003336,-0.43987609157355295,-0.029990900310675594,0.38268114255569446,0.6620802175769177,-0.3239387696679324
0.22186982252770474,0.6668138724467862,0.1514435510847265,0.16977479193279651,1.2197008338110404,0.2608047438037059
